2026-01-27 15:29:15,339	ä¸´æ—¶æ‰“å° æ¶ˆæ¯ä¸ŠæŠ¥ æ¶ˆæ¯å†…å®¹ï¼š{'data': {'conversation_id': None, 'event_id': 'a312c31b-906d-4af0-afda-4a723a723243', 'package_count': 1, 'current_package': 1, 'user': {'user_name': 'æŠ¹èŒ¶è–„è„†å¥¥åˆ©å¥¥', 'user_avatar': None, 'nick_name': 'æŠ¹èŒ¶è–„è„†å¥¥åˆ©å¥¥', 'UserNameTemp': None}, 'assistant': {'assistant_name': 'ä¸‰ç¦å®˜æ–¹æ——èˆ°åº—:æœåŠ¡åŠ©ç†', 'assistant_avatar': None}, 'product_id': None, 'msg_list': [{'role': 'user', 'timestamp': '1769498951', 'type': 'TEXT', 'content': {'text': 'ä½ å¥½ï¼Œå±±è¥¿å£¶å…³ï¼Œæ˜¯å‘ä»€ä¹ˆå¿«é€’å‘€', 'image': None, 'url': None}, 'user_name': 'æŠ¹èŒ¶è–„è„†å¥¥åˆ©å¥¥'}], 'last_messages': []}, 'request_id': 'b472cfc9-670b-4de3-87a9-6f534b1acafd', 'type': 'receive-message', 'require_ack': False}, equipment_information_id=746cde3056fb4d7c8d23b69868c67a9b
2026-01-27 15:29:15,480	[For SOP Engine] enrich_sop_engine_data: {'history': [{'role': 'assistant', 'content': {'url': '', 'text': ' æˆ‘æ˜¯ä¸ºä¼šå‘˜é…å¤‡çš„ä¸“å±å®¢æœ å¾ˆé«˜å…´ä¸ºä½ æœåŠ¡ï¼Œæœ‰ä¼šå‘˜æ´»åŠ¨å’Œæƒç›Šæ—¶ï¼Œæˆ‘å°†ç¬¬ä¸€æ—¶é—´é€šçŸ¥ä½ ï¼Œå¹¶ä¸ºä½ æä¾›æ›´å¥½çš„å’¨è¯¢æœåŠ¡ VIP1 å½“å‰ç­‰çº§ æ–°æƒç›Š ä¼šå‘˜ä¸“äº«åˆ¸ ç§¯åˆ†å…‘å¥½ç¤¼ ä¼šå‘˜ä¸“äº«ç¤¼ 15å¤©é€€æ¢è´§ ä¼šå‘˜ä¼˜å…ˆè´­ ä¼šå‘˜è¿è´¹é™© ç”Ÿæ—¥ç¤¼ ç­‰çº§æŠ˜æ‰£ ä¼šå‘˜ä¸“äº«åˆ¸ ç§¯åˆ†å…‘å¥½ç¤¼ ä¼šå‘˜ä¸“äº«ç¤¼ 15å¤©é€€æ¢è´§ ä¼šå‘˜ä¼˜å…ˆè´­ ä¼šå‘˜è¿è´¹é™© ç”Ÿæ—¥ç¤¼ ç­‰çº§æŠ˜æ‰£ ä¼šå‘˜ä¸“äº«åˆ¸ ç§¯åˆ†å…‘å¥½ç¤¼ ä¼šå‘˜ä¸“äº«ç¤¼ 15å¤©é€€æ¢è´§ ä¼šå‘˜ä¼˜å…ˆè´­ ä¼šå‘˜è¿è´¹é™© ç”Ÿæ—¥ç¤¼ ç­‰çº§æŠ˜æ‰£ ä¼šå‘˜ä¸“äº«åˆ¸ ç§¯åˆ†å…‘å¥½ç¤¼ ä¼šå‘˜ä¸“äº«ç¤¼ 15å¤©é€€æ¢è´§ ä¼šå‘˜ä¼˜å…ˆè´­ ä¼šå‘˜è¿è´¹é™© ç”Ÿæ—¥ç¤¼ ç­‰çº§æŠ˜æ‰£ ä¼šå‘˜ä¸“äº«åˆ¸ ç§¯åˆ†å…‘å¥½ç¤¼ ä¼šå‘˜ä¸“äº«ç¤¼ 15å¤©é€€æ¢è´§ ä¼šå‘˜ä¼˜å…ˆè´­ ä¼šå‘˜è¿è´¹é™© ç”Ÿæ—¥ç¤¼ ç­‰çº§æŠ˜æ‰£ ä¼šå‘˜ä¸“äº«åˆ¸ ç§¯åˆ†å…‘å¥½ç¤¼ ä¼šå‘˜ä¸“äº«ç¤¼ 15å¤©é€€æ¢è´§ ä¼šå‘˜ä¼˜å…ˆè´­ ä¼šå‘˜è¿è´¹é™© ç”Ÿæ—¥ç¤¼ ç­‰çº§æŠ˜æ‰£ ä¼šå‘˜ä¸“äº«åˆ¸ ç§¯åˆ†å…‘å¥½ç¤¼ ä¼šå‘˜ä¸“äº«ç¤¼ 15å¤©é€€æ¢è´§ ä¼šå‘˜ä¼˜å…ˆè´­ ä¼šå‘˜è¿è´¹é™© ç”Ÿæ—¥ç¤¼ ç­‰çº§æŠ˜æ‰£ ä¼šå‘˜ä¸“äº«åˆ¸ ç§¯åˆ†å…‘å¥½ç¤¼ ä¼šå‘˜ä¸“äº«ç¤¼ 15å¤©é€€æ¢è´§ ä¼šå‘˜ä¼˜å…ˆè´­ ä¼šå‘˜è¿è´¹é™© ç”Ÿæ—¥ç¤¼ ç­‰çº§æŠ˜æ‰£', 'image': ''}, 'send_time': '2026-01-27 15:22:25'}, {'role': 'assistant', 'content': {'url': '', 'text': ' ç‚¹å‡»â˜›ã€åº—é“ºæ´»åŠ¨ã€‘ ç‚¹å‡»â˜›ã€å‘è´§æ—¶é—´ã€‘ ç‚¹å‡»â˜›ã€å‘è´§å¿«é€’ã€‘ ç‚¹å‡»â˜›ã€æ˜æ˜ŸåŒæ¬¾ã€‘ ç¾½ç»’æœçš„ç»’å­å«é‡æ˜¯å¤šå°‘ï¼Ÿ', 'image': ''}, 'send_time': '2026-01-27 15:26:57'}, {'role': 'user', 'content': {'url': '', 'text': 'ä½ å¥½ï¼Œå‘ä»€ä¹ˆç‰©æµå‘€', 'image': ''}, 'send_time': '2026-01-27 15:27:04', 'user_name': 'æŠ¹èŒ¶è–„è„†å¥¥åˆ©å¥¥', 'user_nick_name': 'æŠ¹èŒ¶è–„è„†å¥¥åˆ©å¥¥'}, {'role': 'assistant', 'content': {'url': '', 'text': ' å½“å‰ç”¨æˆ·æ¥è‡ª', 'image': ''}, 'send_time': '2026-01-27 15:27:05'}, {'role': 'assistant', 'content': {'url': '', 'text': 'äº²äº²æ‚¨å¥½ï¼Œå¾ˆé«˜å…´ä¸ºæ‚¨æœåŠ¡ï¼', 'image': ''}, 'send_time': '2026-01-27 15:28:21'}, {'role': 'user', 'content': {'url': 'https://item.taobao.com/item.htm?id=993942352072', 'text': 'ä¸‰ç¦ç¾½ç»’æœ2025æ–°æ¬¾å†¬å­£è´è¶ç»“è‹±æ–‡æ’è‰²æ ¼å­åŒé¢ç©¿å¤–å¥—å¥³è£…850076', 'image': ''}, 'send_time': '2026-01-27 15:28:22', 'user_name': 'æŠ¹èŒ¶è–„è„†å¥¥åˆ©å¥¥', 'user_nick_name': 'æŠ¹èŒ¶è–„è„†å¥¥åˆ©å¥¥'}, {'role': 'user', 'content': {'url': '', 'text': 'ä½ å¥½ï¼Œå±±è¥¿å£¶å…³ï¼Œæ˜¯å‘ä»€ä¹ˆå¿«é€’å‘€', 'image': ''}, 'send_time': '2026-01-27 15:29:11', 'user_name': 'æŠ¹èŒ¶è–„è„†å¥¥åˆ©å¥¥', 'user_nick_name': 'æŠ¹èŒ¶è–„è„†å¥¥åˆ©å¥¥'}], 'policy_id': 'agent_sop', 'session_id': 'd07238d11edf464b804aaba35ee2f1fc', 'request_id': 'b472cfc9-670b-4de3-87a9-6f534b1acafd', 'conversation_id': '5ce37d70f1da41ecb6cacbebd4d38948', 'shop_id': 'ä¸‰ç¦ç™¾è´§-ä¸‰ç¦å®˜æ–¹æ——èˆ°åº—', 'channel': 'qianniu', 'user_name': 'æŠ¹èŒ¶è–„è„†å¥¥åˆ©å¥¥', 'assistant_id': 'ä¸‰ç¦å®˜æ–¹æ——èˆ°åº—:æœåŠ¡åŠ©ç†', 'last_user_record_id': 'eb0840dfca1b47d4aa1225751a600411'}
2026-01-27 15:30:07,615	"[SopEngine] æ”¶åˆ°æ¶ˆæ¯: {""messages"": [  ""äº²ï¼Œæ‚¨å¥½ï¼å…³äºå‘è´§å¿«é€’ï¼Œæˆ‘ä»¬è¿™è¾¹æ— æ³•æŒ‡å®šå“¦ï¼Œä¸€èˆ¬æ˜¯ä¸‰é€šä¸€è¾¾ã€é‚®æ”¿ç­‰ï¼Œç³»ç»Ÿæ ¹æ®åœ°å€è‡ªåŠ¨åˆ†é…ï¼Œ48å°æ—¶å†…å‘è´§ã€‚ä¸ºäº†ç»™æ‚¨æŸ¥å…·ä½“æƒ…å†µï¼Œèƒ½æä¾›ä¸‹è®¢å•é“¾æ¥æˆ–è®¢å•å·å—ï¼Ÿ""],
2026-01-27 15:30:13,419	ä¸´æ—¶æ‰“å° å‘é€æ¶ˆæ¯å›æ‰§ æ¶ˆæ¯å†…å®¹ï¼š{'data': {'status': 'success', 'record_id': '8af10637923a4a98a3125da7bc12e1f5', 'conversation_id': '5ce37d70f1da41ecb6cacbebd4d38948', 'message': 'success', 'timestamp': 1769499011}, 'request_id': '3b4355927420426da4b178fcee4d5005', 'type': 'reply-message-result', 'require_ack': False}, equipment_information_id=746cde3056fb4d7c8d23b69868c67a9b




2026-01-27 16:05:36,622	ä¸´æ—¶æ‰“å° æ¶ˆæ¯ä¸ŠæŠ¥ æ¶ˆæ¯å†…å®¹ï¼š{'data': {'conversation_id': None, 'event_id': '59713bce-2590-4cc6-aea8-e9b39d3ffc7d', 'package_count': 1, 'current_package': 1, 'user': {'user_name': 'pureluo', 'user_avatar': None, 'nick_name': 'pureluo', 'UserNameTemp': None}, 'assistant': {'assistant_name': 'ä¸‰ç¦å®˜æ–¹æ——èˆ°åº—:æœåŠ¡åŠ©ç†', 'assistant_avatar': None}, 'product_id': None, 'msg_list': [{'role': 'user', 'timestamp': '1769501131', 'type': 'TEXT', 'content': {'text': 'åŒå•æœ‰ä¸ªåŒ…é‚®çš„ æ”¹ä¸‹ä»·æ ¼ è°¢è°¢', 'image': None, 'url': None}, 'user_name': 'pureluo'}], 'last_messages': []}, 'request_id': '33ee26c7-0de4-465d-8de3-456a67256345', 'type': 'receive-message', 'require_ack': False}, equipment_information_id=746cde3056fb4d7c8d23b69868c67a9b
2026-01-27 16:05:36,764	[For SOP Engine] enrich_sop_engine_data: {'history': [{'role': 'user', 'content': {'url': 'https://item.taobao.com/item.htm?id=984941781822', 'text': 'ä¸‰ç¦å¤å¤ç»“å‘æŸå•ä¸ª æ–‡è‰ºæ·‘å¥³é«˜é©¬å°¾å¤´é¥°å‘é¥°å‘ç»³å‘åœˆ 850198 æœˆé”€ 6 Â¥ 15.0 Â¥ 23.0', 'image': ''}, 'send_time': '2026-01-27 16:04:30', 'user_name': 'pureluo', 'user_nick_name': 'pureluo'}, {'role': 'assistant', 'content': {'url': '', 'text': 'å…³äºè¿™ä»¶å•†å“ï¼Œæœ‰ä»€ä¹ˆæƒ³äº†è§£å‘¢\n\nå¯å’¨è¯¢ã€Œæ´»åŠ¨ã€ã€Œå°ºç ã€ã€Œé¢æ–™ã€', 'image': ''}, 'send_time': '2026-01-27 16:04:31'}, {'role': 'assistant', 'content': {'url': '', 'text': ' è¯†åˆ«åˆ°æ‚¨å’¨è¯¢çš„æ˜¯è¿™ç¬”è®¢å• ã€ä¼˜æƒ ä»·ã€‘ä¸‰ç¦å¤å¤ç»“å‘æŸå•ä¸ª æ–‡è‰ºæ·‘å¥³é«˜é©¬å°¾å¤´é¥°å‘é¥°å‘ç»³å‘åœˆ 850198 Â¥ 23 .0 å…±1ä»¶å•†å“ è®¢å•å· 3211293252324678754 åˆ›å»ºæ—¶é—´ 2026-01-27 16:04:20 æœªä¸‹å• ä¸æ˜¯è¿™å•', 'image': ''}, 'send_time': '2026-01-27 16:04:31'}, {'role': 'user', 'content': {'url': '', 'text': ' å½“å‰ç”¨æˆ·æ¥è‡ª', 'image': ''}, 'send_time': '2026-01-27 16:04:31', 'user_name': 'pureluo', 'user_nick_name': 'pureluo'}, {'role': 'user', 'content': {'url': '', 'text': 'ä½ å¥½ æˆ‘è¿™ä¸ªæ”¹ä¸‹ä»·æ ¼ æœ‰è¿è´¹', 'image': ''}, 'send_time': '2026-01-27 16:04:43', 'user_name': 'pureluo', 'user_nick_name': 'pureluo'}, {'role': 'assistant', 'content': {'url': '', 'text': 'äº²ï¼Œè®¢å•æ»¡è¶³åŒ…é‚®æ¡ä»¶ä½†è¿˜æ˜¯æ”¶å–äº†è¿è´¹å¯ä»¥å…ˆä¸‹å•ä¸ä»˜æ¬¾ï¼Œç„¶åå›å¤ã€äººå·¥ã€‘å¸®æ‚¨è¿›è¡Œä¿®æ”¹è®¢å•é‚®è´¹æ‚¨å†ä»˜æ¬¾å“¦', 'image': ''}, 'send_time': '2026-01-27 16:04:46'}, {'role': 'assistant', 'content': {'url': '', 'text': 'è®¢å•éœ€å®ä»˜æ»¡59å…ƒåŒ…é‚®ï¼Œä¸åŒ…é‚®è®¢å•è¿è´¹æ”¶å–è¿è´¹3å…ƒ(ä¸åŒ…é‚®åœ°åŒºé™¤å¤–) æ³¨ï¼šéƒ¨åˆ†åœ°åŒº(è¥¿è—/æ–°ç–†/å†…è’™å¤/é’æµ·/å®å¤/ç”˜è‚ƒ)ä»¥å®é™…ä¸‹å•æ”¶å–é‚®è´¹ä¸ºå‡†', 'image': ''}, 'send_time': '2026-01-27 16:04:46'}, {'role': 'user', 'content': {'url': '', 'text': 'åŒå•æœ‰ä¸ªåŒ…é‚®çš„', 'image': ''}, 'send_time': '2026-01-27 16:05:00', 'user_name': 'pureluo', 'user_nick_name': 'pureluo'}, {'role': 'user', 'content': {'url': '', 'text': 'Â·Â·', 'image': ''}, 'send_time': '2026-01-27 16:05:02', 'user_name': 'pureluo', 'user_nick_name': 'pureluo'}, {'role': 'assistant', 'content': {'url': '', 'text': 'è®¢å•å®ä»˜æ»¡59å…ƒåŒ…é‚®ï¼Œä¸åŒ…é‚®è®¢å•æ™®é€šåœ°åŒºæ”¶3å…ƒé‚®è´¹ï¼›éƒ¨åˆ†åœ°åŒº(è¥¿è—/æ–°ç–†/å†…è’™å¤/é’æµ·/å®å¤/ç”˜è‚ƒç­‰)ä»¥å®é™…ä¸‹å•æ”¶å–é‚®è´¹ä¸ºå‡†ï¼›', 'image': ''}, 'send_time': '2026-01-27 16:05:03'}, {'role': 'assistant', 'content': {'url': '', 'text': 'äº²äº²æ‚¨å¥½ï¼Œå¾ˆé«˜å…´ä¸ºæ‚¨æœåŠ¡ï¼', 'image': ''}, 'send_time': '2026-01-27 16:05:15'}, {'role': 'user', 'content': {'url': 'https://item.taobao.com/item.htm?id=984941781822', 'text': 'ä¸‰ç¦å¤å¤ç»“å‘æŸå•ä¸ª æ–‡è‰ºæ·‘å¥³é«˜é©¬å°¾å¤´é¥°å‘é¥°å‘ç»³å‘åœˆ 850198', 'image': ''}, 'send_time': '2026-01-27 16:05:16', 'user_name': 'pureluo', 'user_nick_name': 'pureluo'}, {'role': 'user', 'content': {'url': '', 'text': 'åŒå•æœ‰ä¸ªåŒ…é‚®çš„ æ”¹ä¸‹ä»·æ ¼ è°¢è°¢', 'image': ''}, 'send_time': '2026-01-27 16:05:31', 'user_name': 'pureluo', 'user_nick_name': 'pureluo'}], 'policy_id': 'agent_sop', 'session_id': '5b0c84f48513478e8ee955e420880659', 'request_id': '33ee26c7-0de4-465d-8de3-456a67256345', 'conversation_id': 'f5f1298f79194d598e64b4b02d032795', 'shop_id': 'ä¸‰ç¦ç™¾è´§-ä¸‰ç¦å®˜æ–¹æ——èˆ°åº—', 'channel': 'qianniu', 'user_name': 'pureluo', 'assistant_id': 'ä¸‰ç¦å®˜æ–¹æ——èˆ°åº—:æœåŠ¡åŠ©ç†', 'last_user_record_id': 'a8f6279c9dbc4012aa07e05981e42627'}
2026-01-27 16:06:05,093	"[SopEngine] æ”¶åˆ°æ¶ˆæ¯: {""messages"": [  ""äº²ï¼ŒåŒå•æœ‰åŒ…é‚®å•†å“è®¢å•å®ä»˜æ»¡59å…ƒåº”åŒ…é‚®ï¼Œå¦‚ä»æ”¶è¿è´¹ï¼Œæ”¶åˆ°è´§åè”ç³»æˆ‘ä»¬é€€è¿˜å¤šæ”¶éƒ¨åˆ†å“¦ã€‚""],
2026-01-27 16:06:11,988	ä¸´æ—¶æ‰“å° å‘é€æ¶ˆæ¯å›æ‰§ æ¶ˆæ¯å†…å®¹ï¼š{'data': {'status': 'success', 'record_id': 'b079c88d13914c979772a6860169bf1d', 'conversation_id': 'f5f1298f79194d598e64b4b02d032795', 'message': 'success', 'timestamp': 1769501169}, 'request_id': '9a85a03dd2754165bb116a6cfb229a43', 'type': 'reply-message-result', 'require_ack': False}, equipment_information_id=746cde3056fb4d7c8d23b69868c67a9b


2026-01-27 15:58:27,661	ä¸´æ—¶æ‰“å° æ¶ˆæ¯ä¸ŠæŠ¥ æ¶ˆæ¯å†…å®¹ï¼š{'data': {'conversation_id': None, 'event_id': 'b4a0fb6b-5e57-4923-a132-79a0ae5e338f', 'package_count': 1, 'current_package': 1, 'user': {'user_name': 'wlbæˆ‘çš„çˆ±äºº', 'user_avatar': None, 'nick_name': 'wlbæˆ‘çš„çˆ±äºº', 'UserNameTemp': None}, 'assistant': {'assistant_name': 'ä¸‰ç¦å®˜æ–¹æ——èˆ°åº—:æœåŠ¡åŠ©ç†2', 'assistant_avatar': None}, 'product_id': None, 'msg_list': [{'role': 'user', 'timestamp': '1769500703', 'type': 'TEXT', 'content': {'text': 'æœ‰å—ï¼Ÿ', 'image': None, 'url': None}, 'user_name': 'wlbæˆ‘çš„çˆ±äºº'}, {'role': 'assistant', 'timestamp': '1769500699', 'type': 'TEXT', 'content': {'text': 'äº²äº²æ‚¨å¥½ï¼Œå¾ˆé«˜å…´ä¸ºæ‚¨æœåŠ¡ï¼', 'image': None, 'url': None}, 'user_name': 'ä¸‰ç¦å®˜æ–¹æ——èˆ°åº—:æœåŠ¡åŠ©ç†2'}, {'role': 'user', 'timestamp': '1769500700', 'type': 'CARD', 'content': {'text': 'ä¸‰ç¦2025å†¬å­£ç”·å£«å‡ä¸¤ä»¶è¿å¸½ç¾½ç»’æœåŠ åšè¿åŠ¨å­¦é™¢é£ä¿æš–å¤–å¥—514470', 'image': '<base64>', 'url': 'https://item.taobao.com/item.htm?id=996249467647'}, 'user_name': 'wlbæˆ‘çš„çˆ±äºº'}], 'last_messages': []}, 'request_id': '1baaf5d1-f195-4efa-9216-cab2d5a815a2', 'type': 'receive-message', 'require_ack': False}, equipment_information_id=4d4c0b69800b476482f7f49157e51ef4
2026-01-27 15:58:27,853	[For SOP Engine] enrich_sop_engine_data: {'history': [{'role': 'user', 'content': {'url': 'https://item.taobao.com/item.htm?id=996249467647', 'text': 'ä¸‰ç¦2025å†¬å­£ç”·å£«å‡ä¸¤ä»¶è¿å¸½ç¾½ç»’æœåŠ åšè¿åŠ¨å­¦é™¢é£ä¿æš–å¤–å¥—514470 æœˆé”€ 334 Â¥ 659.0 Â¥ 659.0', 'image': ''}, 'send_time': '2026-01-27 15:57:34', 'user_name': 'wlbæˆ‘çš„çˆ±äºº', 'user_nick_name': 'wlbæˆ‘çš„çˆ±äºº'}, {'role': 'assistant', 'content': {'url': '', 'text': ' ç‚¹å‡»â˜›ã€åº—é“ºæ´»åŠ¨ã€‘ ç‚¹å‡»â˜›ã€å‘è´§æ—¶é—´ã€‘ ç‚¹å‡»â˜›ã€å‘è´§å¿«é€’ã€‘ ç‚¹å‡»â˜›ã€æ˜æ˜ŸåŒæ¬¾ã€‘ ç¾½ç»’æœçš„å……ç»’é‡æ˜¯å¤šå°‘ï¼Ÿ', 'image': ''}, 'send_time': '2026-01-27 15:57:35'}, {'role': 'assistant', 'content': {'url': '', 'text': ' å½“å‰ç”¨æˆ·æ¥è‡ª', 'image': ''}, 'send_time': '2026-01-27 15:57:35'}, {'role': 'user', 'content': {'url': '', 'text': 'ä½ å¥½', 'image': ''}, 'send_time': '2026-01-27 15:57:38', 'user_name': 'wlbæˆ‘çš„çˆ±äºº', 'user_nick_name': 'wlbæˆ‘çš„çˆ±äºº'}, {'role': 'assistant', 'content': {'url': '', 'text': 'äº²äº²æ‚¨å¥½ï¼Œè¯·é—®æœ‰ä»€ä¹ˆå¯ä»¥å¸®åˆ°æ‚¨å‘¢', 'image': ''}, 'send_time': '2026-01-27 15:57:40'}, {'role': 'user', 'content': {'url': '', 'text': 'æœ‰è·Ÿè¿™ä¸ªä¸€æ ·ä½†æ˜¯æ˜¯æ£•è‰²çš„å—', 'image': ''}, 'send_time': '2026-01-27 15:57:52', 'user_name': 'wlbæˆ‘çš„çˆ±äºº', 'user_nick_name': 'wlbæˆ‘çš„çˆ±äºº'}, {'role': 'assistant', 'content': {'url': '', 'text': ' æ‚¨å¯èƒ½å…³å¿ƒä»¥ä¸‹å†…å®¹ ğŸ‘‰æœ‰å•†å“å…¨èº«å›¾ç‰‡ ğŸ‘‰æœ‰å•†å“åŠç‰Œè´§å· ğŸ‘‰â¤ï¸è½¬æ¥äººå·¥å®¢æœâ¤ï¸', 'image': ''}, 'send_time': '2026-01-27 15:57:57'}, {'role': 'user', 'content': {'url': '', 'text': 'ğŸ‘‰â¤ï¸Â·Â·Â·Â·å®¢æœâ¤ï¸', 'image': ''}, 'send_time': '2026-01-27 15:58:11', 'user_name': 'wlbæˆ‘çš„çˆ±äºº', 'user_nick_name': 'wlbæˆ‘çš„çˆ±äºº'}, {'role': 'assistant', 'content': {'url': '', 'text': 'äº²äº²æ‚¨å¥½ï¼Œå¾ˆé«˜å…´ä¸ºæ‚¨æœåŠ¡ï¼', 'image': ''}, 'send_time': '2026-01-27 15:58:19'}, {'role': 'user', 'content': {'url': 'https://item.taobao.com/item.htm?id=996249467647', 'text': 'ä¸‰ç¦2025å†¬å­£ç”·å£«å‡ä¸¤ä»¶è¿å¸½ç¾½ç»’æœåŠ åšè¿åŠ¨å­¦é™¢é£ä¿æš–å¤–å¥—514470', 'image': ''}, 'send_time': '2026-01-27 15:58:20', 'user_name': 'wlbæˆ‘çš„çˆ±äºº', 'user_nick_name': 'wlbæˆ‘çš„çˆ±äºº'}, {'role': 'user', 'content': {'url': '', 'text': 'æœ‰å—ï¼Ÿ', 'image': ''}, 'send_time': '2026-01-27 15:58:23', 'user_name': 'wlbæˆ‘çš„çˆ±äºº', 'user_nick_name': 'wlbæˆ‘çš„çˆ±äºº'}], 'policy_id': 'agent_sop', 'session_id': 'c4259b4fa9e448bb9045849b1a7d536f', 'request_id': '1baaf5d1-f195-4efa-9216-cab2d5a815a2', 'conversation_id': '4e80d6cc6a734549b731f53acee35070', 'shop_id': 'ä¸‰ç¦ç™¾è´§-ä¸‰ç¦å®˜æ–¹æ——èˆ°åº—', 'channel': 'qianniu', 'user_name': 'wlbæˆ‘çš„çˆ±äºº', 'assistant_id': 'ä¸‰ç¦å®˜æ–¹æ——èˆ°åº—:æœåŠ¡åŠ©ç†2', 'last_user_record_id': '0f5c8c421d09475ea85d7c34da78130b'}
2026-01-27 15:58:45,807	"[SopEngine] æ”¶åˆ°æ¶ˆæ¯: {""messages"": [""äº²äº²ï¼Œè¿™ä¸ªæ¬¾å¼ç›®å‰åªæœ‰é»‘è‰²å“¦ï¼Œæ²¡æœ‰æ£•è‰²åº“å­˜ï¼Œå»ºè®®æ‚¨æ”¶è—å•†å“å¹¶ç‚¹å‡»è¡¥è´§é€šçŸ¥ï¼Œæˆ–è€…æˆ‘å¯ä»¥ä¸ºæ‚¨æ¨èç±»ä¼¼çš„å•†å“ã€‚""],
2026-01-27 15:58:48,323	ä¸´æ—¶æ‰“å° å‘é€æ¶ˆæ¯å›æ‰§ æ¶ˆæ¯å†…å®¹ï¼š{'data': {'status': 'success', 'record_id': 'ed3cc8d887ae44c9b0500dc32279e1db', 'conversation_id': '4e80d6cc6a734549b731f53acee35070', 'message': 'success', 'timestamp': 1769500728}, 'request_id': 'cc8c380841a74e2c9186d342f2158c6b', 'type': 'reply-message-result', 'require_ack': False}, equipment_information_id=4d4c0b69800b476482f7f49157e51ef4
